<config xmlns="http://tail-f.com/ns/config/1.0">
  <publishers xmlns="http://example.com/storeconnect">
    <publisher>
      <name>Astrakan-Media</name>
      <network>
        <site>
          <name>1</name>
          <address>172.20.1.1</address>
          <mask-len>24</mask-len>
          <e-router>ej0</e-router>
          <junos-interface>ge-0/0/1</junos-interface>
        </site>
      </network>
      <target-store>
        <tags>
          <tag>belgium</tag>
        </tags>
        <tags>
          <tag>english</tag>
        </tags>
        <tags>
          <tag>french</tag>
        </tags>
      </target-store>
    </publisher>
    <publisher>
      <name>Best-Books</name>
      <network>
        <site>
          <name>1</name>
          <address>172.17.3.1</address>
          <mask-len>24</mask-len>
          <e-router>ej0</e-router>
          <ios-ge-interface>ge-0/1/1</ios-ge-interface>
        </site>
        <site>
          <name>2</name>
          <address>172.17.4.1</address>
          <mask-len>24</mask-len>
          <e-router>ej1</e-router>
          <ios-ge-interface>ge-0/1/1</ios-ge-interface>
        </site>
      </network>
      <target-store>
        <tags>
          <tag>english</tag>
        </tags>
      </target-store>
    </publisher>
    <publisher>
      <name>Culture-Froide</name>
      <network>
        <site>
          <name>1</name>
          <address>172.21.175.1</address>
          <mask-len>24</mask-len>
          <e-router>ej1</e-router>
          <ios-ge-interface>ge-0/1/1</ios-ge-interface>
        </site>
        <site>
          <name>2</name>
          <address>172.21.177.129</address>
          <mask-len>25</mask-len>
          <e-router>ec0</e-router>
          <ios-ge-interface>0/0/1</ios-ge-interface>
        </site>
      </network>
      <target-store>
        <tags>
          <tag>french</tag>
        </tags>
        <tags>
          <tag>science</tag>
        </tags>
        <tags>
          <tag>nobel</tag>
        </tags>
      </target-store>
    </publisher>
  </publishers>
</config>
