<config xmlns="http://tail-f.com/ns/config/1.0">
  <stores xmlns="http://example.com/storeconnect">
    <store>
      <name>Varnes-Soble</name>
      <network>
        <address>10.0.0.1</address>
        <i-router>ic0</i-router>
        <interface>GigabitEthernet0/0/2</interface>
      </network>
      <tags>usa</tags>
      <tags>english</tags>
      <tags>crime</tags>
      <tags>science</tags>
      <tags>large</tags>
    </store>
    <store>
      <name>Yoihon</name>
      <network>
        <address>10.0.0.2</address>
        <i-router>ic1</i-router>
        <interface>GigabitEthernet0/1/1</interface>
      </network>
      <tags>japan</tags>
      <tags>japanese</tags>
      <tags>english</tags>
      <tags>nobel</tags>
      <tags>science</tags>
      <tags>manga</tags>
    </store>
    <store>
      <name>Singoalla</name>
      <network>
        <address>10.0.0.3</address>
        <i-router>ij0</i-router>
        <interface>ge-0/0/1</interface>
      </network>
      <tags>sweden</tags>
      <tags>english</tags>
      <tags>french</tags>
      <tags>nobel</tags>
      <tags>small</tags>
    </store>
    <store>
      <name>Took-Look</name>
      <network>
        <address>10.0.0.4</address>
        <i-router>ij0</i-router>
        <interface>ge-0/0/0</interface>
      </network>
      <tags>belgium</tags>
      <tags>english</tags>
      <tags>large</tags>
    </store>
  </stores>
</config>
