<hello xmlns="urn:ietf:params:xml:ns:netconf:base:1.0">
  <capabilities>
    <capability>urn:ietf:params:netconf:base:1.0</capability>
  </capabilities>
</hello>
]]>]]>
<rpc message-id="1" xmlns="urn:ietf:params:xml:ns:netconf:base:1.0">
  <get-config>
    <source>
      <running/>
    </source>
    <filter type="subtree">
      <authors xmlns="http://example.com/ns/bookzone"/>
      <books xmlns="http://example.com/ns/bookzone"/>
    </filter>
  </get-config>
</rpc>
]]>]]>
<rpc message-id="2" xmlns="urn:ietf:params:xml:ns:netconf:base:1.0">
  <close-session/>
</rpc>
]]>]]>
