<config xmlns="http://tail-f.com/ns/config/1.0">
  <books xmlns="http://example.com/ns/bookzone">
    <book>
      <title>I Am Malala: The Girl Who Stood Up for Education and Was Shot by the Taliban</title>
      <author>Malala Yousafzai</author>
      <format>
        <isbn>9780297870913</isbn>
        <format-id>hardcover</format-id>
      </format>
    </book>
    <book>
      <title>The Art of War</title>
      <author>Sun Tzu</author>
      <language>english</language>
      <format>
        <isbn>160459893X</isbn>
        <format-id>paperback</format-id>
        <price>12.75</price>
      </format>
    </book>
    <book>
      <title>The Hitchhiker's Guide to the Galaxy</title>
      <author>Douglas Adams</author>
      <language>english</language>
      <format>
        <isbn>0330258648</isbn>
        <format-id>paperback</format-id>
        <price>22.0</price>
      </format>
      <format>
        <isbn>9781400052929</isbn>
        <format-id>hardcover</format-id>
        <price>31.5</price>
      </format>
    </book>
    <book>
      <title>The Neverending Story</title>
      <author>Michael Ende</author>
      <language>english</language>
      <format>
        <isbn>9780140386332</isbn>
        <format-id>paperback</format-id>
        <price>8.5</price>
      </format>
      <format>
        <isbn>9781452656304</isbn>
        <format-id>mp3</format-id>
        <price>29.95</price>
      </format>
    </book>
    <book>
      <title>What We Think About When We Try Not To Think About Global Warming: Toward a New Psychology of Climate Action</title>
      <author>Per Espen Stoknes</author>
      <format>
        <isbn>9781603585835</isbn>
        <format-id>paperback</format-id>
        <price>16.0</price>
      </format>
    </book>
  </books>
</config>
